Rank	Value
0	0.7142857142857143
10	3.1818181818181817
100	5.748756218905473
1000	5.985467756584923
10000	4.214285714285714
20000	0
30000	0
40000	0
50000	0
60000	0
70000	0
80000	0
90000	0
100000	0
200000	0
300000	0
400000	0
500000	0
600000	0
700000	0
800000	0
900000	0
1000000	0
